Year,Imports ($B),Exports ($B),Unemployment Rate (%)
2010,450,375,8.3
2011,567,447,8.2
2012,571,448,8.1
2013,528,472,8.0
2014,529,468,8.0
2015,465,417,7.9
2016,480,440,7.8
2017,582,498,7.7
2018,640,539,7.7
2019,602,529,6.5
2020,510,500,10.2
2021,761,678,7.7
2022,911,760,7.3
